foto,nome,profissao,email,telefone,perfil,estado
https://cloudflare-ipfs.com/ipfs/Qmd3W5DuhgHirLHGVixi6V76LhCkZUz6pnFt5AJBiyvHye/avatar/1039.jpg,Dalton Oliveira Jr.,Estrategista,dalton_oliveira76@example.com,(58) 5340-1877,dalton_oliveira,Tocantins
https://cloudflare-ipfs.com/ipfs/Qmd3W5DuhgHirLHGVixi6V76LhCkZUz6pnFt5AJBiyvHye/avatar/236.jpg,Dalton Batista,Técnico,dalton_batista66@example.net,+55 (28) 8027-2380,dalton_batista71,Ceará
https://cloudflare-ipfs.com/ipfs/Qmd3W5DuhgHirLHGVixi6V76LhCkZUz6pnFt5AJBiyvHye/avatar/1055.jpg,Dalton Martins,Especialista,dalton.martins@example.com,(97) 07666-4606,dalton.martins44,Distrito Federal
https://cloudflare-ipfs.com/ipfs/Qmd3W5DuhgHirLHGVixi6V76LhCkZUz6pnFt5AJBiyvHye/avatar/515.jpg,Dalton Barros,Analista,dalton_barros@example.net,+55 (00) 4525-8403,dalton_barros49,Piauí
https://avatars.githubusercontent.com/u/50583005,Dalton Moraes,Estrategista,dalton_moraes97@example.com,+55 (03) 1542-8575,dalton_moraes75,Mato Grosso do Sul
https://cloudflare-ipfs.com/ipfs/Qmd3W5DuhgHirLHGVixi6V76LhCkZUz6pnFt5AJBiyvHye/avatar/841.jpg,Dalton Moraes,Supervisor,dalton.moraes41@example.net,(22) 21707-1639,dalton.moraes36,Piauí
https://avatars.githubusercontent.com/u/92895770,Dalton Melo,Assistente,dalton.melo37@example.com,(46) 8699-4407,dalton.melo,Mato Grosso
https://cloudflare-ipfs.com/ipfs/Qmd3W5DuhgHirLHGVixi6V76LhCkZUz6pnFt5AJBiyvHye/avatar/1223.jpg,Dalton Melo,Policial,dalton.melo@example.com,(71) 26782-2824,dalton_melo,São Paulo
https://cloudflare-ipfs.com/ipfs/Qmd3W5DuhgHirLHGVixi6V76LhCkZUz6pnFt5AJBiyvHye/avatar/124.jpg,Dalton Costa,Engenheiro,dalton_costa64@example.org,(99) 35983-0618,dalton_costa34,Mato Grosso do Sul
https://avatars.githubusercontent.com/u/10751906,Dalton Moreira,Administrador,dalton.moreira69@example.org,(84) 46749-6142,dalton_moreira26,Santa Catarina
https://avatars.githubusercontent.com/u/65417853,Ana Pereira Jr.,Atentende,ana.pereira@example.com,(78) 8873-6381,ana.pereira31,Rio de Janeiro
https://avatars.githubusercontent.com/u/18425176,Ana Pereira,Executivo,ana_pereira@example.org,+55 (79) 5577-8476,ana_pereira,Amazonas
https://cloudflare-ipfs.com/ipfs/Qmd3W5DuhgHirLHGVixi6V76LhCkZUz6pnFt5AJBiyvHye/avatar/89.jpg,Ana Silva,Analista,ana_silva@example.org,(74) 23784-8483,ana.silva60,Piauí
https://avatars.githubusercontent.com/u/27416295,Ana Macedo,Administrador,ana.macedo74@example.net,(14) 6494-0237,ana_macedo,Bahia
https://cloudflare-ipfs.com/ipfs/Qmd3W5DuhgHirLHGVixi6V76LhCkZUz6pnFt5AJBiyvHye/avatar/22.jpg,Ana Moreira,Gerente,ana.moreira@example.com,(59) 40059-6722,ana.moreira28,Amazonas
https://cloudflare-ipfs.com/ipfs/Qmd3W5DuhgHirLHGVixi6V76LhCkZUz6pnFt5AJBiyvHye/avatar/640.jpg,Ana Barros,Coordenador,ana.barros@example.net,(73) 3495-1080,ana_barros40,Piauí
https://cloudflare-ipfs.com/ipfs/Qmd3W5DuhgHirLHGVixi6V76LhCkZUz6pnFt5AJBiyvHye/avatar/416.jpg,Ana Oliveira Jr.,Associado,ana_oliveira44@example.com,(76) 72151-4132,ana.oliveira,Pernambuco
https://cloudflare-ipfs.com/ipfs/Qmd3W5DuhgHirLHGVixi6V76LhCkZUz6pnFt5AJBiyvHye/avatar/643.jpg,Ana Franco,Diretor,ana_franco14@example.net,(52) 8701-6298,ana_franco89,Maranhão
https://avatars.githubusercontent.com/u/33531070,Ana Souza,Administrador,ana.souza@example.org,(41) 4077-3012,ana_souza21,Rio Grande do Norte
https://avatars.githubusercontent.com/u/68213848,Sr. Ana Braga,Gerente,ana_braga@example.net,(33) 3345-3014,ana.braga76,Mato Grosso do Sul
https://cloudflare-ipfs.com/ipfs/Qmd3W5DuhgHirLHGVixi6V76LhCkZUz6pnFt5AJBiyvHye/avatar/1090.jpg,Maria Costa,Diretor,maria.costa89@example.net,(94) 81755-2378,maria_costa65,Santa Catarina
https://avatars.githubusercontent.com/u/73219888,Maria Melo,Atentende,maria.melo@example.net,(41) 1335-4001,maria.melo,Espírito Santo
https://avatars.githubusercontent.com/u/94140710,Maria Carvalho,Coordenador,maria.carvalho@example.com,(44) 3019-1168,maria_carvalho75,Amazonas
https://avatars.githubusercontent.com/u/41570709,Maria Braga,Representante,maria_braga@example.com,(49) 86972-8764,maria.braga,Ceará
https://avatars.githubusercontent.com/u/46202199,Maria Oliveira,Agente,maria_oliveira@example.net,(42) 0651-8106,maria_oliveira30,Amazonas
https://avatars.githubusercontent.com/u/61307135,Maria Albuquerque,Gerente,maria_albuquerque@example.com,(54) 1838-1541,maria.albuquerque35,Maranhão
https://avatars.githubusercontent.com/u/91547627,Maria Pereira,Coordenador,maria_pereira97@example.net,+55 (92) 3906-2932,maria.pereira30,Minas Gerais
https://avatars.githubusercontent.com/u/15417958,Sr. Maria Costa,Agente,maria.costa94@example.org,(39) 79117-1181,maria_costa50,Pará
https://cloudflare-ipfs.com/ipfs/Qmd3W5DuhgHirLHGVixi6V76LhCkZUz6pnFt5AJBiyvHye/avatar/391.jpg,Maria Nogueira,Consultor,maria.nogueira@example.com,(38) 1745-8197,maria.nogueira,Rio Grande do Norte
https://avatars.githubusercontent.com/u/8815124,Maria Moreira,Consultor,maria.moreira71@example.net,(48) 01422-7950,maria_moreira,Ceará
https://cloudflare-ipfs.com/ipfs/Qmd3W5DuhgHirLHGVixi6V76LhCkZUz6pnFt5AJBiyvHye/avatar/367.jpg,João Franco,Associado,joao.franco@example.org,(57) 51232-7365,joao.franco,Santa Catarina
https://avatars.githubusercontent.com/u/36317031,João Carvalho Filho,Executivo,joao_carvalho@example.com,(86) 5226-6803,joao_carvalho,Roraima
https://cloudflare-ipfs.com/ipfs/Qmd3W5DuhgHirLHGVixi6V76LhCkZUz6pnFt5AJBiyvHye/avatar/1163.jpg,João Souza,Facilitador,joao.souza31@example.org,+55 (19) 9113-6024,joao_souza,São Paulo
https://avatars.githubusercontent.com/u/74473266,João Albuquerque Neto,Agente,joao.albuquerque@example.org,+55 (33) 2923-7031,joao_albuquerque70,Acre
https://avatars.githubusercontent.com/u/10288284,João Nogueira,Atentende,joao_nogueira@example.com,+55 (61) 0201-2747,joao_nogueira,Goiás
https://avatars.githubusercontent.com/u/77043194,João Moraes,Facilitador,joao_moraes@example.com,(20) 1770-8980,joao_moraes8,Amapá
https://avatars.githubusercontent.com/u/9481652,João Nogueira Neto,Especialista,joao.nogueira35@example.com,(52) 6226-1853,joao.nogueira1,Paraíba
https://cloudflare-ipfs.com/ipfs/Qmd3W5DuhgHirLHGVixi6V76LhCkZUz6pnFt5AJBiyvHye/avatar/234.jpg,João Saraiva,Diretor,joao.saraiva@example.com,(59) 4859-4302,joao_saraiva,Bahia
https://avatars.githubusercontent.com/u/35254194,João Souza,Produtor,joao_souza@example.com,+55 (48) 0336-1655,joao_souza1,Tocantins
https://avatars.githubusercontent.com/u/39045628,João Moreira,Assistente,joao_moreira24@example.org,+55 (42) 8784-6153,joao.moreira8,Minas Gerais
https://avatars.githubusercontent.com/u/64008643,Leonardo Saraiva,Produtor,leonardo.saraiva77@example.net,(52) 33987-6975,leonardo.saraiva70,Paraná
https://cloudflare-ipfs.com/ipfs/Qmd3W5DuhgHirLHGVixi6V76LhCkZUz6pnFt5AJBiyvHye/avatar/921.jpg,Leonardo Barros,Técnico,leonardo_barros10@example.org,+55 (00) 1877-1281,leonardo_barros,Espírito Santo
https://cloudflare-ipfs.com/ipfs/Qmd3W5DuhgHirLHGVixi6V76LhCkZUz6pnFt5AJBiyvHye/avatar/527.jpg,Leonardo Saraiva,Facilitador,leonardo.saraiva29@example.org,+55 (82) 2577-7875,leonardo.saraiva7,Mato Grosso do Sul
https://avatars.githubusercontent.com/u/2507750,Leonardo Carvalho,Arquiteto,leonardo.carvalho91@example.org,+55 (18) 9596-3881,leonardo.carvalho,Rio Grande do Sul
https://avatars.githubusercontent.com/u/60669557,Leonardo Xavier,Agente,leonardo.xavier@example.org,+55 (81) 8280-1980,leonardo.xavier8,Paraná
https://cloudflare-ipfs.com/ipfs/Qmd3W5DuhgHirLHGVixi6V76LhCkZUz6pnFt5AJBiyvHye/avatar/706.jpg,Leonardo Santos Neto,Coordenador,leonardo_santos@example.com,(54) 1107-7702,leonardo.santos32,Paraná
https://cloudflare-ipfs.com/ipfs/Qmd3W5DuhgHirLHGVixi6V76LhCkZUz6pnFt5AJBiyvHye/avatar/35.jpg,Leonardo Souza Jr.,Assistente,leonardo_souza39@example.org,+55 (23) 3637-8562,leonardo.souza89,Rio Grande do Sul
https://avatars.githubusercontent.com/u/6281909,Leonardo Santos,Engenheiro,leonardo_santos@example.org,(42) 96249-5491,leonardo_santos,Santa Catarina
https://avatars.githubusercontent.com/u/47600433,Leonardo Melo,Policial,leonardo_melo@example.com,(28) 38856-0361,leonardo_melo9,Espírito Santo
https://cloudflare-ipfs.com/ipfs/Qmd3W5DuhgHirLHGVixi6V76LhCkZUz6pnFt5AJBiyvHye/avatar/379.jpg,Leonardo Saraiva Neto,Especialista,leonardo.saraiva@example.org,(82) 4417-6165,leonardo_saraiva82,Maranhão
https://avatars.githubusercontent.com/u/91104326,Talita Macedo,Supervisor,talita_macedo@example.org,(65) 1885-1170,talita.macedo,Mato Grosso
https://cloudflare-ipfs.com/ipfs/Qmd3W5DuhgHirLHGVixi6V76LhCkZUz6pnFt5AJBiyvHye/avatar/572.jpg,Talita Martins,Policial,talita_martins14@example.org,(33) 7287-0499,talita_martins,Roraima
https://avatars.githubusercontent.com/u/52405751,Dr. Talita Martins,Assistente,talita.martins55@example.net,(29) 41450-0475,talita_martins37,Rio Grande do Sul
https://avatars.githubusercontent.com/u/71743178,Talita Nogueira Filho,Orquestrador,talita_nogueira@example.org,(52) 96835-6557,talita_nogueira13,Rio Grande do Norte
https://cloudflare-ipfs.com/ipfs/Qmd3W5DuhgHirLHGVixi6V76LhCkZUz6pnFt5AJBiyvHye/avatar/933.jpg,Talita Xavier,Policial,talita.xavier91@example.org,(30) 9776-2562,talita_xavier44,Rondônia
https://avatars.githubusercontent.com/u/31262196,Talita Braga,Estrategista,talita_braga@example.org,(87) 0479-6759,talita_braga27,Acre
https://cloudflare-ipfs.com/ipfs/Qmd3W5DuhgHirLHGVixi6V76LhCkZUz6pnFt5AJBiyvHye/avatar/1082.jpg,Dra. Talita Martins,Desenvolvedor,talita_martins21@example.org,(22) 44054-8081,talita_martins,Bahia
https://cloudflare-ipfs.com/ipfs/Qmd3W5DuhgHirLHGVixi6V76LhCkZUz6pnFt5AJBiyvHye/avatar/104.jpg,Talita Silva,Assistente,talita_silva84@example.org,+55 (25) 9646-9550,talita.silva,Minas Gerais
https://avatars.githubusercontent.com/u/35501204,Talita Batista,Desenvolvedor,talita.batista51@example.org,+55 (09) 4144-6882,talita.batista23,Acre
https://cloudflare-ipfs.com/ipfs/Qmd3W5DuhgHirLHGVixi6V76LhCkZUz6pnFt5AJBiyvHye/avatar/26.jpg,Talita Franco,Técnico,talita.franco17@example.com,+55 (02) 9669-0662,talita_franco,Rio Grande do Sul
https://avatars.githubusercontent.com/u/49603877,Sr. Rafael Nogueira,Consultor,rafael_nogueira70@example.net,(07) 1152-2785,rafael_nogueira,Piauí
https://cloudflare-ipfs.com/ipfs/Qmd3W5DuhgHirLHGVixi6V76LhCkZUz6pnFt5AJBiyvHye/avatar/743.jpg,Rafael Reis,Arquiteto,rafael_reis73@example.org,(42) 6682-5526,rafael.reis84,São Paulo
https://avatars.githubusercontent.com/u/79895396,Rafael Batista Filho,Atentende,rafael.batista28@example.com,(36) 90442-3131,rafael_batista63,Goiás
https://avatars.githubusercontent.com/u/75641190,Rafael Costa,Consultor,rafael.costa70@example.org,(27) 0954-9964,rafael.costa66,Piauí
https://cloudflare-ipfs.com/ipfs/Qmd3W5DuhgHirLHGVixi6V76LhCkZUz6pnFt5AJBiyvHye/avatar/68.jpg,Rafael Batista,Analista,rafael_batista85@example.com,(20) 5969-5236,rafael_batista38,Mato Grosso
https://cloudflare-ipfs.com/ipfs/Qmd3W5DuhgHirLHGVixi6V76LhCkZUz6pnFt5AJBiyvHye/avatar/270.jpg,Rafael Batista,Designer,rafael.batista@example.com,(40) 2286-5870,rafael.batista,Sergipe
https://avatars.githubusercontent.com/u/67769456,Rafael Barros Filho,Administrador,rafael.barros71@example.net,+55 (01) 1865-2773,rafael_barros,Minas Gerais
https://cloudflare-ipfs.com/ipfs/Qmd3W5DuhgHirLHGVixi6V76LhCkZUz6pnFt5AJBiyvHye/avatar/997.jpg,Rafael Silva,Técnico,rafael_silva@example.net,(13) 0490-3682,rafael.silva99,Espírito Santo
https://cloudflare-ipfs.com/ipfs/Qmd3W5DuhgHirLHGVixi6V76LhCkZUz6pnFt5AJBiyvHye/avatar/1096.jpg,Sr. Rafael Saraiva,Supervisor,rafael_saraiva29@example.com,(64) 60784-4868,rafael_saraiva67,Pernambuco
https://cloudflare-ipfs.com/ipfs/Qmd3W5DuhgHirLHGVixi6V76LhCkZUz6pnFt5AJBiyvHye/avatar/1063.jpg,Rafael Batista,Estrategista,rafael.batista17@example.org,(51) 5921-6293,rafael_batista,Tocantins
